id,name,price,score,crawled _date
1375380,索尼Xperia PRO-I（12GB/512GB/全网通/5G版）,10999,8.9,2021-11-05
1366963,索尼Xperia 5 III（8GB/256GB/全网通/5G版）,6599,9.0,2021-11-05
1385122,荣耀X30 Max（8GB/128GB/全网通/5G版）,2399,6.3,2021-11-05
1389587,realme Q3s（8GB/128GB/全网通/5G版）,1599,6.4,2021-11-05
1392155,荣耀X30i（8GB/128GB/全网通/5G版）,1699,,
1392156,荣耀Play5 活力版（8GB/128GB/全网通/5G版）,1799,8.7,2021-11-05
1392772,OPPO A56（6GB/128GB/全网通/5G版）,1599,8.0,2021-11-05
1392242,realme GT Neo2T（12GB/256GB/全网通/5G版）,2399,9.4,2021-11-05
1392257,realme Q3s（6GB/128GB/全网通/5G版）,1599,6.4,2021-11-05
1393493,荣耀X30 Max（8GB/256GB/全网通/5G版）,2699,6.3,2021-11-05
1393593,Redmi Note 11 潮流限定版（8GB/256GB/全网通/5G版）,2699,5.3,2021-11-05
1392240,realme GT Neo2T（8GB/128GB/全网通/5G版）,1799,9.4,2021-11-05
1393522,荣耀X30i（8GB/256GB/全网通/5G版）,1899,,
1392255,realme Q3s（8GB/256GB/全网通/5G版）,1999,6.4,2021-11-05
1392951,荣耀Play5 活力版（8GB/256GB/全网通/5G版）,1999,8.7,2021-11-05
1393521,荣耀X30i（6GB/128GB/全网通/5G版）,1399,,
1394320,鼎桥N8 Pro（8GB/128GB/全网通/5G版）,3999,,
1386418,一加9RT（8GB/128GB/全网通/5G版）,3299,8.9,2021-11-05
1391362,OPPO K9s（8GB/128GB/全网通/5G版）,1899,8.9,2021-11-05
1390598,realme GT Neo2T（8GB/256GB/全网通/5G版）,2099,9.4,2021-11-05
1390595,iQOO Z5x（8GB/128GB/全网通/5G版）,1699,6.4,2021-11-05
1390597,三星W22（16GB/512GB/全网通/5G版）,16999,,
1391368,OPPO K9s（6GB/128GB/全网通/5G版）,1699,8.9,2021-11-05
1390550,黑鲨4S（12GB/128GB/全网通/5G版）,2999,8.9,2021-11-05
1392311,华为畅享20e（4GB/64GB/全网通）,949,,
1391551,一加9RT（12GB/256GB/全网通/5G版）,3799,8.9,2021-11-05
1391550,一加9RT（8GB/256GB/全网通/5G版）,3499,8.9,2021-11-05
1390554,黑鲨4S Pro（16GB/512GB/全网通/5G版）,5499,8.9,2021-11-05
1392602,iQOO Neo5（12GB/512GB/全网通/5G版）,3099,8.8,2021-11-05
1392142,vivo S10e（8GB/128GB/全网通/5G版）,2399,,
1386376,vivo S10e（8GB/256GB/全网通/5G版）,2599,,
1391540,黑鲨4S（8GB/128GB/全网通/5G版）,2699,8.9,2021-11-05
1392394,iQOO Z5x（6GB/128GB/全网通/5G版）,1599,6.4,2021-11-05
1391549,黑鲨4S 高达限定版（12GB/256GB/全网通/5G版）,3499,8.9,2021-11-05
1392341,华为畅享20e（4GB/128GB/全网通）,1149,,
1391547,黑鲨4S Pro（12GB/256GB/全网通/5G版）,4799,8.9,2021-11-05
1391545,黑鲨4S（12GB/256GB/全网通/5G版）,3299,8.9,2021-11-05
1392392,iQOO Z5x（8GB/256GB/全网通/5G版）,1899,6.4,2021-11-05
1371908,vivo X70 Pro+（12GB/256GB/全网通/5G版）,5999,8.7,2021-11-05
1326884,华为P50（8GB/128GB/全网通）,4488,6.9,2021-11-05
1370020,华为nova 9 Pro（8GB/128GB/全网通）,3499,8.6,2021-11-05
1387835,苹果iPhone 13 Pro（256GB/全网通/5G版）,8799,6.8,2021-11-05
1387337,OPPO K9 Pro（8GB/128GB/全网通/5G版）,2199,8.9,2021-11-05
1386422,iQOO Z5（8GB/128GB/全网通/5G版）,1899,8.7,2021-11-05
1363940,华为nova 9（8GB/128GB/全网通）,2699,6.7,2021-11-05
1362659,OPPO Find X3 Pro 摄影师版（16GB/512GB/全网通/5G版）,6499,9.2,2021-11-05
1342491,苹果iPhone 13 Pro（128GB/全网通/5G版）,7999,6.8,2021-11-05
1380727,华为P50（8GB/256GB/全网通）,4988,6.9,2021-11-05
1342492,苹果iPhone 13 Pro Max（128GB/全网通/5G版）,8999,6.8,2021-11-05
1387838,苹果iPhone 13 Pro Max（256GB/全网通/5G版）,9799,6.8,2021-11-05
1389079,华为nova 9（8GB/256GB/全网通）,2999,6.7,2021-11-05
1385371,realme GT Neo2（8GB/256GB/全网通/5G版）,2699,8.6,2021-11-05
1358319,苹果iPhone 13 mini（128GB/全网通/5G版）,5199,6.8,2021-11-05
1387837,苹果iPhone 13 Pro（1TB/全网通/5G版）,11999,6.8,2021-11-05
1387839,苹果iPhone 13 Pro Max（512GB/全网通/5G版）,11399,6.8,2021-11-05
1387840,苹果iPhone 13 Pro Max（1TB/全网通/5G版）,12999,6.8,2021-11-05
1387833,苹果iPhone 13 mini（256GB/全网通/5G版）,5999,6.8,2021-11-05
1385722,魅族18X（8GB/256GB/全网通/5G版）,2799,6.7,2021-11-05
1386981,小米Civi（8GB/256GB/全网通/5G版）,2899,6.9,2021-11-05
1355570,vivo X70 Pro（12GB/256GB/全网通/5G版）,4799,6.7,2021-11-05
1355569,vivo X70（8GB/256GB/全网通/5G版）,3999,6.8,2021-11-05
1388805,realme GT Neo2（8GB/128GB/全网通/5G版）,2499,8.6,2021-11-05
1387198,vivo X70 Pro+（8GB/256GB/全网通/5G版）,5499,8.7,2021-11-05
1387836,苹果iPhone 13 Pro（512GB/全网通/5G版）,10399,6.8,2021-11-05
1380724,华为P50 Pro（8GB/256GB/全网通/骁龙888）,6488,8.6,2021-11-05
1389530,OPPO K9 Pro（12GB/256GB/全网通/5G版）,2699,8.9,2021-11-05
1380726,华为P50 Pro（12GB/512GB/全网通/麒麟9000/典藏版）,8488,8.6,2021-11-05
1389078,华为nova 9 Pro（8GB/256GB/全网通）,3899,8.6,2021-11-05
1385721,魅族18s（8GB/256GB/全网通/5G版）,3999,7.0,2021-11-05
1350533,三星Galaxy Z Flip3（8GB/256GB/全网通/5G版）,7999,6.8,2021-11-05
1389034,iQOO Z5（12GB/256GB/全网通/5G版）,2299,8.7,2021-11-05
1380725,华为P50 Pro（12GB/512GB/全网通/麒麟9000）,7988,8.6,2021-11-05
1347064,三星Galaxy Z Fold3（12GB/512GB/全网通/5G版）,14999,6.8,2021-11-05
1387199,vivo X70 Pro+（12GB/512GB/全网通/5G版/尊享版）,6999,8.7,2021-11-05
1388806,realme GT Neo2（12GB/256GB/全网通/5G版）,2899,8.6,2021-11-05
1380723,华为P50 Pro（8GB/512GB/全网通/骁龙888）,7499,8.6,2021-11-05
1386170,诺基亚G50（6GB/128GB/全网通/5G版）,1999,6.9,2021-11-05
1389033,iQOO Z5（8GB/256GB/全网通/5G版）,2099,8.7,2021-11-05
1387004,小米Civi（8GB/128GB/全网通/5G版）,2599,6.9,2021-11-05
1389724,小米Civi（12GB/256GB/全网通/5G版）,3199,6.9,2021-11-05
1383770,努比亚红魔6S PRO（8GB/128GB/全网通/5G版）,3999,6.9,2021-11-05
1387200,vivo X70 Pro（8GB/256GB/全网通/5G版）,4599,6.7,2021-11-05
1387834,苹果iPhone 13 mini（512GB/全网通/5G版）,7599,6.8,2021-11-05
1387203,vivo X70（8GB/128GB/全网通/5G版）,3699,6.8,2021-11-05
1386886,OPPO A11s（8GB/128GB/全网通）,1199,6.7,2021-11-05
1385908,三星Galaxy Z Flip3（8GB/256GB/全网通/5G版/Thom Browne限量版）,16499,6.8,2021-11-05
1388838,魅族18X（8GB/128GB/全网通/5G版）,2599,6.7,2021-11-05
1382506,三星Galaxy Z Fold3（12GB/512GB/全网通/5G版/Thom Browne限量版）,25499,6.8,2021-11-05
1389756,乐视S1（8GB/256GB/全网通/5G版）,1599,,
1388993,诺基亚G50（4GB/128GB/全网通/5G版）,1699,,
1388844,魅族18s Pro（12GB/256GB/全网通/5G版）,5397,,
1387201,vivo X70 Pro（8GB/128GB/全网通/5G版）,4299,6.7,2021-11-05
1385714,魅族18s Pro（8GB/256GB/全网通/5G版）,4999,6.9,2021-11-05
1388841,魅族18s（12GB/256GB/全网通/5G版）,4299,,
1387204,vivo X70（12GB/256GB/全网通/5G版）,4299,6.8,2021-11-05
1388840,魅族18s（8GB/128GB/全网通/5G版）,3699,,
1388840,魅族18s（8GB/128GB/全网通/5G版）,3699,,
1390080,中兴AXON 30（8GB/512GB/全网通/5G版）,3498,6.8,2021-11-05
1384862,雷鸟FF1（8GB/256GB/全网通/5G版）,2799,6.8,2021-11-05
1387202,vivo X70 Pro（12GB/512GB/全网通/5G版）,5299,6.7,2021-11-05
1386498,努比亚红魔6S PRO（12GB/128GB/全网通/5G版）,4399,,
1388839,魅族18X（12GB/256GB/全网通/5G版）,2999,6.7,2021-11-05
1386504,努比亚红魔6S PRO（18GB/512GB/全网通/5G版）,6399,,
1386500,努比亚红魔6S PRO（12GB/256GB/全网通/5G版）,4799,,
1384863,雷鸟FF1（8GB/128GB/全网通/5G版）,2499,6.8,2021-11-05
1388843,魅族18s Pro（8GB/128GB/全网通/5G版）,4599,,
1386501,努比亚红魔6S PRO（16GB/256GB/全网通/5G版）,5399,,
1393082,OPPO A11s（4GB/128GB/全网通）,999,6.7,2021-11-05
1349131,华为P50 Pro（8GB/256GB/全网通/麒麟9000）,6488,8.6,2021-11-05
1379249,荣耀Magic3 Pro（8GB/256GB/全网通/5G版）,5999,8.8,2021-11-05
1360631,荣耀X20（8GB/128GB/全网通/5G版）,2199,8.6,2021-11-05
1295280,小米MIX 4（12GB/256GB/全网通/5G版）,5799,8.1,2021-11-05
1355157,iQOO 8（12GB/256GB/全网通/5G版）,4199,8.9,2021-11-05
1380722,华为P50 Pro（8GB/128GB/全网通/麒麟9000）,5988,8.6,2021-11-05
1379975,华为nova 8 SE 活力版（8GB/128GB/全网通）,1899,6.6,2021-11-05
1379250,荣耀Magic3 至臻版（12GB/512GB/全网通/5G版）,7999,6.8,2021-11-05
1382710,荣耀Magic3 Pro（12GB/256GB/全网通/5G版）,6299,8.8,2021-11-05
1379768,Moto Edge S Pro（8GB/128GB/全网通/5G版）,2699,6.6,2021-11-05
1383340,iQOO 8 Pro（8GB/256GB/全网通/5G版）,4999,9.1,2021-11-05
1382711,荣耀Magic3 Pro（12GB/512GB/全网通/5G版）,6799,8.8,2021-11-05
1381512,荣耀Play5T Pro（8GB/128GB/全网通）,1499,6.9,2021-11-05
1377113,中兴AXON 30（8GB/256GB/全网通/5G版）,2798,6.8,2021-11-05
1382325,小米MIX 4（12GB/512GB/全网通/5G版）,6299,8.1,2021-11-05
1381472,荣耀X20（8GB/256GB/全网通/5G版）,2499,8.6,2021-11-05
1383974,vivo Y53s t2版（8GB/128GB/全网通/5G版）,1799,,
1381695,Moto Edge S Pro（12GB/256GB/全网通/5G版）,3299,6.6,2021-11-05
1379770,Moto Edge 轻奢版（8GB/128GB/全网通/5G版）,2599,8.6,2021-11-05
1380721,华为P50 Pro（8GB/512GB/全网通/麒麟9000）,7488,8.6,2021-11-05
1383167,ROG 游戏手机5s Pro（18GB/512GB/全网通/5G版）,8499,9.5,2021-11-05
1383958,NZONE S7 Pro+（8GB/128GB/全网通/5G版）,2599,,
1383339,iQOO 8（8GB/128GB/全网通/5G版）,3799,8.9,2021-11-05
1383976,vivo Y53s t2版（8GB/256GB/全网通/5G版）,1999,,
1381696,Moto Edge 轻奢版（8GB/256GB/全网通/5G版）,2899,8.6,2021-11-05
1381693,Moto Edge S Pro（8GB/256GB/全网通/5G版）,2999,6.6,2021-11-05
1380253,中兴AXON 30（12GB/256GB/全网通/5G版）,2998,6.8,2021-11-05
1384290,U-MAGIC 30e（4GB/128GB/全网通/5G版）,1599,,
1380251,中兴AXON 30（8GB/128GB/全网通/5G版）,2498,6.8,2021-11-05
1381694,Moto Edge S Pro（6GB/128GB/全网通/5G版）,2399,6.6,2021-11-05
1380252,中兴AXON 30（6GB/128GB/全网通/5G版）,2198,6.8,2021-11-05
1377610,vivo S10 Pro（12GB/256GB/全网通/5G版）,3399,8.9,2021-11-05
1373732,vivo S10（8GB/256GB/全网通/5G版）,2949,8.8,2021-11-05
1378437,realme GT 大师探索版（12GB/256GB/全网通/5G版）,3199,8.8,2021-11-05
1373120,荣耀50 SE（8GB/128GB/全网通/5G版）,2399,8.5,2021-11-05
1373757,荣耀X20 SE（8GB/128GB/全网通/5G版）,1789,8.8,2021-11-05
1379295,realme GT 大师探索版（8GB/128GB/全网通/5G版）,2799,8.8,2021-11-05
1385169,vivo S10 Pro（8GB/128GB/全网通/5G版）,2999,8.9,2021-11-05
1374794,荣耀50 SE（8GB/256GB/全网通/5G版）,2699,8.5,2021-11-05
1379530,OPPO Reno6 Pro+（128GB/256GB/全网通/5G版/名侦探柯南限定版）,4499,9.1,2021-11-05
1374573,麦芒10 SE（6GB/128GB/全网通/5G版）,1699,,
1382924,多亲F21Pro（3GB/32GB/全网通）,599,,
1378668,vivo S10（8GB/128GB/全网通/5G版）,2699,8.8,2021-11-05
1376479,荣耀X20 SE（6GB/128GB/全网通/5G版）,1799,8.8,2021-11-05
1379303,realme GT 大师版（8GB/128GB/全网通/5G版）,2399,,
1382908,多亲F21Pro（4GB/64GB/全网通）,799,,
1384685,AGM M7（2GB/16GB/全网通）,599,,
1367909,荣耀50（8GB/256GB/全网通/5G版）,2999,8.5,2021-11-05
1358240,Redmi Note 10 Pro（8GB/128GB/全网通/5G版）,1799,7.0,2021-11-05
1338164,Redmi Note 10（8GB/128GB/全网通/5G版）,1399,6.9,2021-11-05
1370519,荣耀50 Pro（8GB/256GB/全网通/5G版）,3699,8.7,2021-11-05
1357124,索尼Xperia 1 III（12GB/256GB/全网通/5G版）,8499,6.5,2021-11-05
1372928,荣耀Play5T（8GB/128GB/全网通）,1199,6.6,2021-11-05
1374792,荣耀50（8GB/128GB/全网通/5G版）,2699,8.5,2021-11-05
1374793,荣耀50（12GB/256GB/全网通/5G版）,3399,8.5,2021-11-05
1372060,Redmi Note 10 Pro（6GB/128GB/全网通/5G版）,1599,7.0,2021-11-05
1374463,vivo Y53s（8GB/128GB/全网通/5G版）,1699,6.7,2021-11-05
1369493,iQOO Neo5 活力版（8GB/256GB/全网通/5G版）,2499,8.6,2021-11-05
1368200,华为Mate40 Pro（8GB/128GB/全网通/4G版/玻璃版）,6099,8.7,2021-11-05
1372058,Redmi Note 10 Pro（8GB/256GB/全网通/5G版）,1999,7.0,2021-11-05
1374784,荣耀50 Pro（12GB/256GB/全网通/5G版）,3999,8.7,2021-11-05
1368179,华为Mate40 Pro（8GB/256GB/全网通/4G版/玻璃版）,6599,8.7,2021-11-05
1372068,Redmi Note 10（4GB/128GB/全网通/5G版）,1099,6.9,2021-11-05
1370721,realme GT Neo 闪速版（8GB/256GB/全网通/5G版）,2099,8.3,2021-11-05
1373465,诺基亚C20 Plus（3GB/32GB/全网通）,799,5.3,2021-11-05
1372067,Redmi Note 10（6GB/128GB/全网通/5G版）,1199,6.9,2021-11-05
1370969,三星Galaxy F52（8GB/128GB/全网通/5G版）,1999,6.8,2021-11-05
1371858,realme Q3 Pro狂欢版（8GB/128GB/全网通/5G版）,1799,6.8,2021-11-05
1374474,vivo Y53s（8GB/256GB/全网通/5G版）,1999,6.7,2021-11-05
1372066,Redmi Note 10（8GB/256GB/全网通/5G版）,1599,6.9,2021-11-05
1375598,NZONE S7 Pro（8GB/128GB/全网通/5G版）,2299,6.8,2021-11-05
1371589,iQOO Neo5 活力版（12GB/256GB/全网通/5G版）,2699,8.6,2021-11-05
1371588,iQOO Neo5 活力版（8GB/128GB/全网通/5G版）,2299,8.6,2021-11-05
1371871,realme GT Neo 闪速版（12GB/256GB/全网通/5G版）,2299,8.3,2021-11-05
1371579,vivo X60曲屏版（8GB/256GB/全网通/5G版）,3799,8.0,2021-11-05
1373629,iQOO U3x标准版（4GB/128GB/全网通）,899,,
1374740,vivo Y31s t1版（4GB/64GB/全网通/5G版）,1399,,
1375606,NZONE S7 Pro（8GB/256GB/全网通/5G版）,2499,,
1373905,VERTU iVERTU（12GB/512GB/全网通/5G版）,19800,8.0,2021-11-05
1374539,vivo X60t Pro+（8GB/128GB/全网通/5G版）,4499,,
1371581,vivo X60曲屏版（12GB/256GB/全网通/5G版）,3999,8.0,2021-11-05
1376129,realme Q3 Pro狂欢版（12GB/256GB/全网通/5G版）,,6.8,2021-11-05
1374544,vivo X60t Pro+（12GB/256GB/全网通/5G版）,4998,,
1373641,iQOO U3x标准版（6GB/128GB/全网通）,1099,,
1375039,诺基亚105 4G,229,,
1371580,vivo X60曲屏版（8GB/128GB/全网通/5G版）,3499,8.0,2021-11-05
1373980,VERTU iVERTU（12GB/512GB/全网通/5G版/高定版）,39800,8.0,2021-11-05
1375012,诺基亚110 4G,,,
1363222,OPPO Reno6（12GB/256GB/全网通/5G版）,2999,9.1,2021-11-05
1368662,OPPO Reno6 Pro+（12GB/256GB/全网通/5G版）,4199,9.1,2021-11-05
1367786,OPPO K9（8GB/128GB/全网通/5G版）,1749,8.7,2021-11-05
1371372,OPPO Reno6（8GB/128GB/全网通/5G版）,2799,9.1,2021-11-05
1363223,OPPO Reno6 Pro（12GB/256GB/全网通/5G版）,3399,9.2,2021-11-05
1371376,OPPO Reno6 Pro+（8GB/128GB/全网通/5G版）,3999,9.1,2021-11-05
1367842,OPPO Find X3 Pro（16GB/512GB/全网通/5G版/火星探索版）,6999,9.1,2021-11-05
1369294,荣耀Play5（8GB/128GB/全网通/5G版）,2099,6.8,2021-11-05
1367794,OPPO K9（8GB/256GB/全网通/5G版）,2199,8.7,2021-11-05
1369519,努比亚Z30 Pro（12GB/256GB/全网通/5G版）,5399,7.3,2021-11-05
1371374,OPPO Reno6 Pro（8GB/128GB/全网通/5G版）,3499,9.2,2021-11-05
1359442,Moto G50（8GB/128GB/全网通/5G版）,1499,8.0,2021-11-05
1371098,荣耀Play5（8GB/256GB/全网通/5G版）,2299,6.8,2021-11-05
1369835,酷比X60 Pro（8GB/128GB/全网通）,659,6.4,2021-11-05
1363218,努比亚Z30 Pro（8GB/256GB/全网通/5G版）,4999,7.3,2021-11-05
1368590,中兴远航10（4GB/128GB/全网通/5G版）,1298,5.1,2021-11-05
1370061,夏普AQUOS R6,,,
1372586,中兴Blade V2022（4GB/64GB/全网通）,849,,
1371432,努比亚Z30 Pro（16GB/512GB/全网通/5G版）,5999,7.3,2021-11-05
1369844,酷比X60 Pro（8GB/256GB/全网通）,799,,
1370713,8848 钛金手机M6灵感版（8GB/256GB/全网通/5G版/牛皮版）,9999,,
1369842,酷比X60 Pro（6GB/128GB/全网通）,599,,
1365861,realme Narzo 30,,,
1363548,华硕ZenFone 8 Flip（全网通/5G版）,,,
1361741,realme GT Neo（8GB/128GB/全网通/5G版）,1999,8.6,2021-11-05
1359446,小米11 Ultra（12GB/512GB/全网通/5G版）,6499,6.4,2021-11-05
1347136,小米11 Pro（8GB/256GB/全网通/5G版）,4769,6.7,2021-11-05
1349981,一加9R（8GB/128GB/全网通/5G版）,2799,8.2,2021-11-05
1356946,小米11青春版（8GB/128GB/全网通/5G版）,1999,6.8,2021-11-05
1367336,realme Q3 Pro（8GB/128GB/全网通/5G版）,1799,8.1,2021-11-05
1361283,小米MIX FOLD（12GB/512GB/全网通/5G版）,10999,6.7,2021-11-05
1368212,华为Mate40 Pro（8GB/256GB/全网通/4G版/素皮版）,6599,8.7,2021-11-05
1364837,小米11 Ultra（8GB/256GB/全网通/5G版）,5999,6.4,2021-11-05
1361409,iQOO Z3（6GB/128GB/全网通/5G版）,1599,8.6,2021-11-05
1364834,小米11 Pro（12GB/256GB/全网通/5G版）,5699,6.7,2021-11-05
1364836,小米11 Ultra（12GB/256GB/全网通/5G版）,6499,6.4,2021-11-05
1363544,Redmi K40 游戏增强版（8GB/128GB/全网通/5G版）,2199,8.7,2021-11-05
1367130,realme Q3（6GB/128GB/全网通/5G版）,1299,6.9,2021-11-05
1364833,小米11 Pro（8GB/128GB/全网通/5G版）,4999,6.7,2021-11-05
1366425,OPPO A95（8GB/128GB/全网通/5G版）,1999,8.8,2021-11-05
1364994,小米MIX FOLD（12GB/256GB/全网通/5G版）,9999,6.7,2021-11-05
1366469,OPPO A35（4GB/128GB/全网通）,1199,8.6,2021-11-05
1358222,中兴AXON 30 Pro（8GB/128GB/全网通/5G版）,3298,8.6,2021-11-05
1368672,Redmi K40 游戏增强版（12GB/256GB/全网通/5G版）,2499,8.7,2021-11-05
1368210,华为Mate40 Pro（8GB/128GB/全网通/4G版/素皮版）,6099,8.7,2021-11-05
1368416,一加9R（12GB/256GB/全网通/5G版）,3499,8.2,2021-11-05
1368001,realme Q3 Pro（8GB/256GB/全网通/5G版）,1999,8.1,2021-11-05
1365292,realme GT Neo（12GB/256GB/全网通/5G版）,2299,8.6,2021-11-05
1364838,小米11青春版（8GB/256GB/全网通/5G版）,2599,6.8,2021-11-05
1368671,Redmi K40 游戏增强版（12GB/128GB/全网通/5G版）,2199,8.7,2021-11-05
1367505,荣耀Play5T 活力版（6GB/128GB/全网通）,1299,3.5,2021-11-05
1364995,小米MIX FOLD（16GB/512GB/全网通/5G版）,12999,6.7,2021-11-05
1363709,realme X7 Pro至尊版（12GB/256GB/全网通/5G版）,2599,6.7,2021-11-05
1368115,OPPO A95（8GB/256GB/全网通/5G版）,2299,8.8,2021-11-05
1368208,华为Mate40 Pro（8GB/512GB/全网通/4G/玻璃版）,,8.7,2021-11-05
1369670,vivo Y52s t1版（8GB/256GB/全网通/5G版）,1999,7.2,2021-11-05
1368234,华为Mate40E（8GB/256GB/全网通/4G版）,4699,6.7,2021-11-05
1366277,中兴AXON 30 Ultra（12GB/256GB/全网通/5G版）,4998,9.6,2021-11-05
1368000,realme Q3 Pro（6GB/128GB/全网通/5G版）,1599,8.1,2021-11-05
1368341,华为nova 8 Pro（8GB/128GB/全网通/4G版）,3699,9.0,2021-11-05
1365291,realme GT Neo（6GB/128GB/全网通/5G版）,1799,8.6,2021-11-05
1318767,联想拯救者电竞手机2 Pro（8GB/128GB/全网通/5G版）,3699,7.0,2021-11-05
1372996,iQOO Z3（12GB/256GB/全网通/5G版）,2099,8.6,2021-11-05
1371876,realme Q3（8GB/256GB/全网通/5G版）,1599,6.9,2021-11-05
1366975,小米11X（全网通/5G版）,,8.0,2021-11-05
1367999,realme Q3（8GB/128GB/全网通/5G版）,1399,6.9,2021-11-05
1368670,Redmi K40 游戏增强版（8GB/256GB/全网通/5G版）,2399,8.7,2021-11-05
1368669,Redmi K40 游戏增强版（6GB/128GB/全网通/5G版）,1999,8.7,2021-11-05
1364650,realme V13（8GB/128GB/全网通/5G版）,1599,7.0,2021-11-05
1367886,realme Q3i（6GB/128GB/全网通/5G版）,1099,,
1366973,iQOO 7（8GB/256GB/全网通/5G版）,3898,8.7,2021-11-05
1368126,华为Mate X2（8GB/512GB/全网通/4G版）,,6.7,2021-11-05
1365694,realme X7 Pro至尊版（8GB/128GB/全网通/5G版）,2299,6.7,2021-11-05
1367092,一加9R（8GB/256GB/全网通/5G版）,3299,8.2,2021-11-05
1368343,华为nova 8 Pro（8GB/256GB/全网通/4G版）,4099,9.0,2021-11-05
1368213,华为Mate40 Pro（8GB/512GB/全网通/4G版/素皮版）,,8.7,2021-11-05
1375865,中兴AXON 30 Pro（16GB/1TB/全网通/5G版）,5566,8.6,2021-11-05
1368235,华为Mate40E（8GB/128GB/全网通/4G版）,4199,6.7,2021-11-05
1365302,realme V13（8GB/256GB/全网通/5G版）,1799,7.0,2021-11-05
1368125,华为Mate X2（8GB/256GB/全网通/4G版）,17499,6.7,2021-11-05
1363209,诺基亚X20（全网通/5G版）,,7.4,2021-11-05
1368007,realme Q3i（4GB/128GB/全网通/5G版）,999,,
1367137,中兴AXON 30 Pro（8GB/256GB/全网通/5G版）,3598,8.6,2021-11-05
1367136,中兴AXON 30 Pro（6GB/128GB/全网通/5G版）,2998,8.6,2021-11-05
1366269,联想拯救者电竞手机2 Pro（18GB/512GB/全网通/5G版）,5999,7.0,2021-11-05
1366974,小米11X Pro（全网通/5G版）,,,
1362813,中兴S30 Pro（8GB/256GB/全网通/5G版）,2998,8.6,2021-11-05
1371329,联想拯救者电竞手机2 Pro（18GB/256GB/全网通/5G版）,4999,7.0,2021-11-05
1366267,联想拯救者电竞手机2 Pro（12GB/256GB/全网通/5G版）,4399,7.0,2021-11-05
1393084,OPPO A35（4GB/64GB/全网通）,899,8.6,2021-11-05
1363367,中兴S30（8GB/128GB/全网通/5G版）,2198,8.4,2021-11-05
1366072,金立M3（6GB/128GB/全网通）,899,,
1366266,联想拯救者电竞手机2 Pro（12GB/128GB/全网通/5G版）,4099,7.0,2021-11-05
1371332,联想拯救者电竞手机2 Pro（16GB/256GB/全网通/5G版）,4499,7.0,2021-11-05
1366268,联想拯救者电竞手机2 Pro（16GB/512GB/全网通/5G版）,5299,7.0,2021-11-05
1366075,金立M3（8GB/256GB/全网通）,1059,,
1367120,遨游A11（8GB/256GB/全网通/5G版）,3680,,
1366074,金立M3（8GB/128GB/全网通）,959,,
1363644,诺基亚G20（全网通）,,,
1373704,遨游A11（8GB/256GB/全网通/5G版/防爆版）,6680,,
1373701,遨游A11（6GB/128GB/全网通/5G版）,3380,,
1373706,遨游A11（6GB/128GB/全网通/5G版/防爆版）,6380,,
1326868,一加9 Pro（12GB/256GB/全网通/5G版）,5499,8.6,2021-11-05
1357542,魅族18 Pro（8GB/256GB/全网通/5G版）,4499,8.4,2021-11-05
1340278,Redmi K40（12GB/256GB/全网通/5G版）,2499,6.6,2021-11-05
1348585,OPPO Find X3（8GB/128GB/全网通/5G版）,3999,9.2,2021-11-05
1356337,iQOO Neo5（8GB/256GB/全网通/5G版）,2699,8.8,2021-11-05
1356802,OPPO Find X3 Pro（12GB/256GB/全网通/5G版）,5499,9.1,2021-11-05
1362006,小米10S（8GB/128GB/全网通/5G版）,2799,6.6,2021-11-05
1360942,Redmi K40（6GB/128GB/全网通/5G版）,1999,6.6,2021-11-05
1340282,Redmi K40 Pro（8GB/256GB/全网通/5G版）,3299,8.2,2021-11-05
1350147,realme GT（12GB/256GB/全网通/5G版）,2949,8.6,2021-11-05
1362658,OPPO Find X3 Pro（8GB/256GB/全网通/5G版）,4999,9.1,2021-11-05
1360941,Redmi K40（8GB/128GB/全网通/5G版）,2199,6.6,2021-11-05
1353427,华为Mate40E（8GB/128GB/全网通/5G版）,4599,6.7,2021-11-05
1359541,vivo S9（8GB/128GB/全网通/5G版）,2599,8.7,2021-11-05
1364201,一加9（12GB/256GB/全网通/5G版）,4299,8.4,2021-11-05
1362657,OPPO Find X3（8GB/256GB/全网通/5G版）,4499,9.2,2021-11-05
1347003,一加9（8GB/128GB/全网通/5G版）,3599,8.4,2021-11-05
1360944,Redmi K40 Pro（8GB/128GB/全网通/5G版）,2999,8.2,2021-11-05
1361589,vivo S9e（8GB/128GB/全网通/5G版）,2399,6.7,2021-11-05
1364199,一加9 Pro（8GB/256GB/全网通/5G版）,5499,8.6,2021-11-05
1362410,小米10S（12GB/256GB/全网通/5G版）,3799,6.6,2021-11-05
1362408,小米10S（8GB/256GB/全网通/5G版）,3499,6.6,2021-11-05
1363228,iQOO Neo5（12GB/256GB/全网通/5G版）,2999,8.8,2021-11-05
1361708,realme GT（8GB/128GB/全网通/5G版）,2799,8.6,2021-11-05
1357540,魅族18（8GB/128GB/全网通/5G版）,3999,8.5,2021-11-05
1360940,Redmi K40（8GB/256GB/全网通/5G版）,2499,6.6,2021-11-05
1360943,Redmi K40 Pro+（12GB/256GB/全网通/5G版）,3699,8.2,2021-11-05
1348983,三星Galaxy A52（8GB/128GB/全网通/5G版）,2999,8.5,2021-11-05
1354626,黑鲨4（6GB/128GB/全网通/5G版）,2499,8.3,2021-11-05
1364197,一加9 Pro（8GB/128GB/全网通/5G版）,4999,8.6,2021-11-05
1361963,vivo Y31s（6GB/128GB/全网通/5G版/标准版）,1699,6.7,2021-11-05
1371798,Redmi Note 10 Pro（海外版）,,,
1363711,iQOO U3x（4GB/128GB/全网通/5G版）,1199,,
1363227,iQOO Neo5（8GB/128GB/全网通/5G版）,2499,8.8,2021-11-05
1373559,黑鲨4（8GB/256GB/全网通/5G版）,2999,8.3,2021-11-05
1362814,荣耀V40轻奢版（8GB/128GB/全网通/5G版）,2999,8.4,2021-11-05
1364430,iQOO Z3（8GB/128GB/全网通/5G版）,1699,8.6,2021-11-05
1359540,黑鲨4 Pro（8GB/256GB/全网通/5G版）,3999,8.4,2021-11-05
1361590,vivo S9e（8GB/256GB/全网通/5G版）,2699,6.7,2021-11-05
1371879,realme GT（8GB/256GB/全网通/5G版）,2799,8.6,2021-11-05
1364089,黑鲨4 Pro（16GB/512GB/全网通/5G版）,5299,8.4,2021-11-05
1364080,黑鲨4（8GB/128GB/全网通/5G版）,2699,8.3,2021-11-05
1362394,华为Mate40E（8GB/256GB/全网通/5G版）,5099,6.7,2021-11-05
1361588,vivo S9（12GB/256GB/全网通/5G版）,3299,8.7,2021-11-05
1373731,vivo S9（8GB/256GB/全网通/5G版）,2999,8.7,2021-11-05
1362676,vivo Y30g（8GB/128GB/全网通）,1499,,
1362453,华为Mate40 RS保时捷版（8GB/256GB/全网通/5G版）,10999,8.8,2021-11-05
1373854,魅族18（12GB/256GB/全网通/5G版/中华白海豚珍稀版）,8999,8.5,2021-11-05
1364431,iQOO Z3（8GB/256GB/全网通/5G版）,1899,8.6,2021-11-05
1364844,小米11i（全网通/5G版）,,,
1361586,魅族18 Pro（12GB/256GB/全网通/5G版）,5199,8.4,2021-11-05
1360945,Redmi K40 Pro（6GB/128GB/全网通/5G版）,2799,8.2,2021-11-05
1350148,努比亚红魔6（8GB/128GB/全网通/5G版）,3799,8.4,2021-11-05
1361585,魅族18 Pro（8GB/128GB/全网通/5G版）,4199,8.4,2021-11-05
1363363,三星Galaxy A52（8GB/256GB/全网通/5G版）,3399,8.5,2021-11-05
1364071,黑鲨4 Pro（12GB/256GB/全网通/5G版）,4499,8.4,2021-11-05
1361251,努比亚红魔6 Pro（12GB/256GB/全网通/5G版）,4799,8.7,2021-11-05
1364047,荣耀V40轻奢版（8GB/256GB/全网通/5G版）,3299,8.4,2021-11-05
1355988,ROG 游戏手机5（12GB/256GB/全网通/5G版）,4699,7.8,2021-11-05
1361579,魅族18（8GB/256GB/全网通/5G版）,3639,8.5,2021-11-05
1363718,iQOO U3x（8GB/128GB/全网通/5G版）,1499,,
1364083,黑鲨4（12GB/256GB/全网通/5G版）,3299,8.3,2021-11-05
1365696,vivo X60t（8GB/128GB/全网通/5G版）,3498,,
1361582,魅族18（12GB/256GB/全网通/5G版）,4999,8.5,2021-11-05
1361765,Redmi Note 10 Pro Max（全网通）,,6.4,2021-11-05
1362463,OPPO A15（全网通）,,,
1361253,小米POCO F3（全网通/5G版）,,,
1362447,ROG 游戏手机5幻影（18GB/512GB/全网通/5G版）,8499,8.0,2021-11-05
1366466,Redmi Note 10s（全网通）,,,
1368297,VERTU Ayxta Fold（12GB/512GB/全网通/5G版/小牛皮款）,45800,,
1364980,中兴S30 SE（6GB/128GB/全网通/5G版）,1698,8.3,2021-11-05
1363717,iQOO U3x（6GB/64GB/全网通/5G版）,1199,,
1371339,Redmi Note 10（海外版）,,,
1364082,黑鲨4（12GB/128GB/全网通/5G版）,2999,8.3,2021-11-05
1362274,realme 8 Pro（全网通）,,,
1361766,努比亚红魔6（12GB/128GB/全网通/5G版）,4099,8.4,2021-11-05
1362446,ROG 游戏手机5（8GB/128GB/全网通/5G版）,3999,7.8,2021-11-05
1361269,OPPO F19 Pro（全网通）,,,
1361029,realme 8（全网通）,,,
1362448,ROG 游戏手机5 Pro（16GB/512GB/全网通/5G版）,7999,,
1368302,VERTU Ayxta Fold（12GB/512GB/全网通/5G版/喜马拉雅款）,10.58万,,
1361256,VERTU Ayxta Fold（8GB/256GB/全网通/5G版/经典老花款）,29800,,
1361767,努比亚红魔6（12GB/256GB/全网通/5G版）,4399,8.4,2021-11-05
1362444,ROG 游戏手机5（12GB/128GB/全网通/5G版）,4299,7.8,2021-11-05
1362445,ROG 游戏手机5（16GB/256GB/全网通/5G版）,4999,7.8,2021-11-05
1363723,OPPO A15s（4GB/64GB/全网通）,,,
1361814,努比亚红魔6 Pro（16GB/256GB/全网通/5G版）,5299,8.7,2021-11-05
1361817,努比亚红魔6 Pro（12GB/128GB/全网通/5G版）,4399,8.7,2021-11-05
1368299,VERTU Ayxta Fold（12GB/512GB/全网通/5G版/高定款）,68800,,
1336507,华为Mate X2（8GB/256GB/全网通/5G版）,17999,6.7,2021-11-05
1355934,Moto edge s（8GB/128GB/全网通/5G版）,2399,8.4,2021-11-05
1359077,华为P40（8GB/128GB/全网通/4G版）,3988,6.8,2021-11-05
1359230,realme V11（4GB/128GB/全网通/5G版）,1199,7.0,2021-11-05
1359235,realme V11（6GB/128GB/全网通/5G版）,1399,7.0,2021-11-05
1360368,华为Mate X2（8GB/512GB/全网通/5G版）,18999,6.7,2021-11-05
1357564,中国电信天翼1号2021（4GB/64GB/全网通/5G版）,1199,6.4,2021-11-05
1357722,中国电信天翼1号2021（6GB/128GB/全网通/5G版）,1399,,
1360864,realme Narzo 30 Pro（全网通/5G版）,,,
1360846,realme Narzo 30A,,,
1350625,iQOO 7（12GB/256GB/全网通/5G版）,4198,8.7,2021-11-05
1342500,小米11（8GB/128GB/全网通/5G版）,3599,8.4,2021-11-05
1326800,三星Galaxy S21（8GB/256GB/全网通/5G版）,4999,8.5,2021-11-05
1342511,vivo X60（8GB/128GB/全网通/5G版）,2999,8.5,2021-11-05
1345628,三星Galaxy S21 Ultra（12GB/256GB/全网通/5G版）,9599,8.6,2021-11-05
1355957,OPPO A93（8GB/256GB/全网通/5G版）,1799,8.8,2021-11-05
1344608,荣耀V40（8GB/128GB/全网通/5G版）,3599,8.4,2021-11-05
1357522,OPPO A55（6GB/128GB/全网通/5G版）,1499,8.7,2021-11-05
1342813,vivo X60 Pro（12GB/256GB/全网通/5G版）,4198,8.9,2021-11-05
1356164,三星Galaxy S21（8GB/128GB/全网通/5G版）,4099,8.5,2021-11-05
1356166,三星Galaxy S21 Ultra（16GB/512GB/全网通/5G版）,10699,8.6,2021-11-05
1353680,小米11（12GB/256GB/全网通/5G版）,4699,8.4,2021-11-05
1352867,华为畅享20 SE（8GB/128GB/全网通）,1499,6.4,2021-11-05
1353679,小米11（8GB/256GB/全网通/5G版）,4299,8.4,2021-11-05
1355452,vivo Y31s（6GB/128GB/全网通/5G版）,1698,6.6,2021-11-05
1352844,华为畅享20 SE（4GB/128GB/全网通）,1299,6.4,2021-11-05
1348063,三星Galaxy S21+（8GB/256GB/全网通/5G版）,5769,7.8,2021-11-05
1354524,realme V15（6GB/128GB/全网通/5G版）,1399,8.1,2021-11-05
1357218,荣耀V40（8GB/256GB/全网通/5G版）,3999,8.4,2021-11-05
1356165,三星Galaxy S21+（8GB/128GB/全网通/5G版）,7199,7.8,2021-11-05
1355542,iQOO 7（8GB/128GB/全网通/5G版）,3798,8.7,2021-11-05
1375338,OPPO A93（8GB/128GB/全网通/5G版）,1699,8.8,2021-11-05
1355063,realme V15（8GB/128GB/全网通/5G版）,1999,8.1,2021-11-05
1357342,vivo S7t（8GB/128GB/全网通/5G版）,2598,6.7,2021-11-05
1348739,小米POCO M3（4GB/128GB/全网通）,,5.6,2021-11-05
1357527,U-MAGIC 优畅享20（4GB/128GB/全网通/5G版）,1499,5.1,2021-11-05
1353681,小米11（12GB/256GB/全网通/5G版/雷军签名版）,5599,8.4,2021-11-05
1355574,vivo Y31s（4GB/128GB/全网通/5G版）,1498,6.6,2021-11-05
1353066,OPPO Reno5 Pro+（12GB/256GB/全网通/5G版/艺术家限定版）,4499,9.3,2021-11-05
1357531,U-MAGIC 优畅享20 Plus（8GB/128GB/全网通/5G版）,2238,,
1357529,U-MAGIC 优畅享20（6GB/128GB/全网通/5G版）,1789,5.1,2021-11-05
1355543,华为nova 8 Pro（8GB/128GB/全网通/5G版/王者荣耀定制版）,3999,9.0,2021-11-05
1357783,索尼Xperia Pro（8GB/512GB/全网通/5G版）,,,
1357530,U-MAGIC 优畅享20 Plus（6GB/128GB/全网通/5G版）,2038,,
1392937,OPPO A55（8GB/128GB/全网通/5G版）,1699,8.7,2021-11-05
1392935,OPPO A55（4GB/128GB/全网通/5G版）,1399,8.7,2021-11-05
1357060,Redmi Note 9T（4GB/64GB/全网通/5G版）,,,
1357172,HTC Desire 21 Pro（8GB/128GB/全网通/5G版）,,4.5,2021-11-05
1357045,vivo Y12s（3GB/32GB/全网通）,,,
1356935,vivo Y20G（6GB/128GB/全网通）,,,
1342489,苹果iPhone 13（128GB/全网通/5G版）,5999,6.5,2021-11-05
1392178,Redmi Note 11（6GB/128GB/全网通/5G版）,1299,,
1387831,苹果iPhone 13（256GB/全网通/5G版）,6799,6.5,2021-11-05
1392432,Redmi Note 11 Pro（6GB/128GB/全网通/5G版）,1599,7.2,2021-11-05
1387832,苹果iPhone 13（512GB/全网通/5G版）,8399,6.5,2021-11-05
1392181,Redmi Note 11 Pro（8GB/128GB/全网通/5G版）,1899,7.2,2021-11-05
1355160,iQOO 8 Pro（12GB/256GB/全网通/5G版）,5499,9.1,2021-11-05
1392424,Redmi Note 11 Pro+（8GB/128GB/全网通/5G版）,2099,6.4,2021-11-05
1391942,vivo T1（8GB/256GB/全网通/5G版）,2199,,
1382327,小米MIX 4（8GB/128GB/全网通/5G版）,4999,8.1,2021-11-05
1391964,vivo T1（8GB/128GB/全网通/5G版）,1999,,
1376138,OPPO A93s（8GB/256GB/全网通/5G版）,1999,8.9,2021-11-05
1382326,小米MIX 4（8GB/256GB/全网通/5G版）,5299,8.1,2021-11-05
1363931,Google Pixel 6,4176,,
1392429,Redmi Note 11 Pro+（6GB/128GB/全网通/5G版）,1899,6.4,2021-11-05
1392431,Redmi Note 11 Pro（8GB/256GB/全网通/5G版）,2099,7.2,2021-11-05
1393590,Redmi Note 11（8GB/256GB/全网通/5G版）,1699,,
1382507,三星Galaxy Z Flip3（8GB/128GB/全网通/5G版）,7599,6.8,2021-11-05
1393589,Redmi Note 11（8GB/128GB/全网通/5G版）,1499,,
1391963,vivo T1（12GB/256GB/全网通/5G版）,2599,,
1370705,Google Pixel 6 Pro,6509,,
1381469,荣耀X20（6GB/128GB/全网通/5G版）,1899,8.6,2021-11-05
1383341,iQOO 8 Pro（12GB/512GB/全网通/5G版）,5999,9.1,2021-11-05
1375672,realme GT 大师版（8GB/256GB/全网通/5G版）,2599,,
1391727,vivo T1x（8GB/128GB/全网通/5G版）,1799,,
1393591,Redmi Note 11（4GB/128GB/全网通/5G版）,1199,,
1391971,vivo T1x（6GB/128GB/全网通/5G版）,1599,,
1376134,OPPO A93s（8GB/128GB/全网通/5G版）,1799,8.9,2021-11-05
1392428,Redmi Note 11 Pro+（8GB/256GB/全网通/5G版）,2299,6.4,2021-11-05
1369605,努比亚红魔6R（12GB/128GB/全网通/5G版）,3299,,
1357119,索尼Xperia 10 III（6GB/128GB/全网通/5G版）,,,
1383164,ROG 游戏手机5s（12GB/256GB/全网通/5G版）,4699,,
1372256,努比亚红魔6R（6GB/128GB/全网通/5G版）,2699,,
1367139,中兴AXON 30 Ultra（16GB/1TB/全网通/5G版）,6666,9.6,2021-11-05
1361418,Microsoft Surface Duo 2,,,
1363551,华硕ZenFone 8（全网通/5G版）,,,
1365529,VERTU 经典复刻SIGNATURE（3GB/32GB/全网通）,10.8万,,
1367138,中兴AXON 30 Ultra（8GB/256GB/全网通/5G版）,4698,9.6,2021-11-05
1391970,vivo T1x（8GB/256GB/全网通/5G版）,1999,,
1361035,三星Galaxy A32（全网通）,,,
1357933,金立K7（6GB/64GB/全网通/5G版）,999,5.8,2021-11-05
1372255,努比亚红魔6R（8GB/128GB/全网通/5G版）,2999,,
1372254,努比亚红魔6R（12GB/256GB/全网通/5G版）,3599,,
